{"initial_reset_timestamp": 1592908710.8604858, "timestamps": [1592908714.413578, 1592908719.079251, 1592908719.396378, 1592908719.440091, 1592908719.491681, 1592908719.538978, 1592908719.583612, 1592908719.6287968, 1592908723.794293, 1592908724.28888, 1592908724.3848588, 1592908724.449826, 1592908724.526324, 1592908724.585969, 1592908724.639283, 1592908724.694348, 1592908724.768299, 1592908724.818298, 1592908724.870692, 1592908724.928319, 1592908724.987555, 1592908725.06008, 1592908725.100227, 1592908725.14164, 1592908725.2098858, 1592908725.293462, 1592908725.3664389, 1592908729.5906198, 1592908730.074316, 1592908730.1485949, 1592908730.287894, 1592908730.346176, 1592908730.4869928, 1592908730.530901, 1592908730.589314, 1592908730.651604, 1592908730.6992111, 1592908730.8080409, 1592908730.879978, 1592908730.962942, 1592908731.019475, 1592908731.095361, 1592908731.1561139, 1592908731.216015, 1592908731.270186, 1592908731.320627, 1592908731.366173, 1592908731.412339, 1592908731.458459, 1592908731.517329, 1592908731.5912168, 1592908731.6556811, 1592908731.7113369, 1592908731.777596, 1592908731.828046, 1592908731.874474, 1592908731.936502, 1592908731.981589, 1592908732.03437, 1592908732.118068, 1592908732.17644, 1592908732.239994, 1592908732.3003662, 1592908732.382132, 1592908735.932336, 1592908736.2656581, 1592908736.314928, 1592908736.3787699, 1592908736.4213939, 1592908736.494765, 1592908736.548595, 1592908736.61761, 1592908736.665792, 1592908736.711126, 1592908736.7668428, 1592908736.8075368, 1592908736.854835, 1592908736.90542, 1592908736.960012, 1592908737.0109272, 1592908737.06557, 1592908737.114814, 1592908737.156385, 1592908737.2010539, 1592908737.259273, 1592908737.313806, 1592908737.39079, 1592908737.4486809, 1592908737.499999, 1592908737.5459032, 1592908737.595277, 1592908737.6446998, 1592908737.680806, 1592908737.733394, 1592908737.773793, 1592908737.823024, 1592908737.861295, 1592908737.909756, 1592908737.96093, 1592908738.018017], "episode_lengths": [94, 115, 82, 88, 103, 94, 92, 93, 97, 97, 140, 95, 134, 93, 86, 88, 102, 93, 89, 108, 107, 115, 79, 84, 133, 148, 123, 94, 101, 98, 224, 106, 262, 78, 105, 110, 88, 169, 94, 110, 105, 138, 109, 110, 95, 93, 87, 89, 88, 106, 141, 117, 103, 120, 94, 84, 109, 80, 92, 146, 91, 108, 116, 155, 95, 77, 97, 133, 88, 147, 110, 142, 98, 85, 96, 80, 94, 102, 112, 106, 105, 98, 87, 89, 117, 112, 160, 123, 108, 98, 104, 105, 75, 108, 88, 98, 81, 102, 107, 119], "episode_rewards": [-93.0, -114.0, -81.0, -87.0, -102.0, -93.0, -91.0, -92.0, -96.0, -96.0, -139.0, -94.0, -133.0, -92.0, -85.0, -87.0, -101.0, -92.0, -88.0, -107.0, -106.0, -114.0, -78.0, -83.0, -132.0, -147.0, -122.0, -93.0, -100.0, -97.0, -223.0, -105.0, -261.0, -77.0, -104.0, -109.0, -87.0, -168.0, -93.0, -109.0, -104.0, -137.0, -108.0, -109.0, -94.0, -92.0, -86.0, -88.0, -87.0, -105.0, -140.0, -116.0, -102.0, -119.0, -93.0, -83.0, -108.0, -79.0, -91.0, -145.0, -90.0, -107.0, -115.0, -154.0, -94.0, -76.0, -96.0, -132.0, -87.0, -146.0, -109.0, -141.0, -97.0, -84.0, -95.0, -79.0, -93.0, -101.0, -111.0, -105.0, -104.0, -97.0, -86.0, -88.0, -116.0, -111.0, -159.0, -122.0, -107.0, -97.0, -103.0, -104.0, -74.0, -107.0, -87.0, -97.0, -80.0, -101.0, -106.0, -118.0], "episode_types": ["t", "t", "t", "t", "t", "t", "t", "t", "t", "t", "t", "t", "t", "t", "t", "t", "t", "t", "t", "t", "t", "t", "t", "t", "t", "t", "t", "t", "t", "t", "t", "t", "t", "t", "t", "t", "t", "t", "t", "t", "t", "t", "t", "t", "t", "t", "t", "t", "t", "t", "t", "t", "t", "t", "t", "t", "t", "t", "t", "t", "t", "t", "t", "t", "t", "t", "t", "t", "t", "t", "t", "t", "t", "t", "t", "t", "t", "t", "t", "t", "t", "t", "t", "t", "t", "t", "t", "t", "t", "t", "t", "t", "t", "t", "t", "t", "t", "t", "t", "t"]}